{"cameraMode":{"drawMode":0,"name":"Shaded","section":"Shading Mode"},"sceneLighting":false,"audioPlay":false,"sceneViewState":{"showFog":true,"showMaterialUpdate":false,"showSkybox":false,"showFlares":true,"showImageEffects":true,"showParticleSystems":true},"in2DMode":false,"pivot":{"x":443.2611389160156,"y":200.0,"z":1.6147127151489258},"rotation":{"x":0.3828676640987396,"y":-0.020782584324479104,"z":0.008616052567958832,"w":0.9235371351242065},"size":120.12181854248047,"orthographic":false}