{"cameraMode":{"drawMode":0,"name":"Shaded","section":"Shading Mode"},"sceneLighting":false,"audioPlay":false,"sceneViewState":{"showFog":true,"showMaterialUpdate":false,"showSkybox":false,"showFlares":true,"showImageEffects":true,"showParticleSystems":true},"in2DMode":false,"pivot":{"x":0.04638266563415527,"y":0.2062016725540161,"z":0.20708602666854859},"rotation":{"x":-0.1203722208738327,"y":0.8375886678695679,"z":-0.20497168600559236,"w":-0.4918827712535858},"size":1.1036759614944459,"orthographic":false}