{"cameraMode":{"drawMode":0,"name":"Shaded","section":"Shading Mode"},"sceneLighting":true,"audioPlay":false,"sceneViewState":{"showFog":true,"showMaterialUpdate":false,"showSkybox":true,"showFlares":true,"showImageEffects":true,"showParticleSystems":true},"in2DMode":false,"pivot":{"x":-2.203585624694824,"y":-1.2562353610992432,"z":-3.632092237472534},"rotation":{"x":0.06998863816261292,"y":-0.9236769080162048,"z":0.20412783324718476,"w":0.31668832898139956},"size":8.568483352661133,"orthographic":false}